case_id,ordre_simple_invasif,coherence_metier,completude,notes,annotator,annotated_at
hb-0130,,,,,"",""
hb-0131,,,,,"",""
hb-0132,,,,,"",""
hb-0133,,,,,"",""
hb-0134,,,,,"",""
hb-0135,,,,,"",""
hb-0136,,,,,"",""
hb-0137,,,,,"",""
hb-0138,,,,,"",""
hb-0139,,,,,"",""
hb-0140,,,,,"",""
hb-0141,,,,,"",""
hb-0142,,,,,"",""
hb-0143,,,,,"",""
hb-0144,,,,,"",""
hb-0145,,,,,"",""
hb-0146,,,,,"",""
hb-0147,,,,,"",""
hb-0148,,,,,"",""
hb-0149,,,,,"",""
hb-0150,,,,,"",""
hb-0151,,,,,"",""
hb-0152,,,,,"",""
hb-0153,,,,,"",""
hb-0154,,,,,"",""
hb-0155,,,,,"",""
hb-0156,,,,,"",""
hb-0157,,,,,"",""
hb-0158,,,,,"",""
hb-0159,,,,,"",""
